,0,1,2
0,"Imprimis Pharmaceuticals, Inc.",IMMY,http://investsnips.com/imprimis-pharmaceuticals-immy/
1,Incyte Corporation,INCY,http://investsnips.com/incyte-corporation-incy/
2,"Infinity Pharmaceuticals, Inc.",INFI,http://investsnips.com/infinity-pharmaceuticals-infi/
3,InflaRx N.V.,IFRX,http://investsnips.com/inflarx-n-v-ifrx/
4,"Innoviva, Inc.",INVA,http://investsnips.com/theravance-inc-thrx/
5,"Inovio Pharmaceuticals, Inc.",INO,http://investsnips.com/inovio-pharmaceuticals-ino/
6,"Insmed, Inc.",INSM,http://investsnips.com/insmed-inc-insm/
7,Intec Pharma Ltd.,NTEC,http://investsnips.com/intec-pharma-ltd-ntec/
8,"Intellia Therapeutics, Inc.",NTLA,http://investsnips.com/intellia-therapeutics-inc/
9,"Intercept Pharmaceuticals, Inc.",ICPT,http://investsnips.com/intercept-pharmaceuticals-icpt/
10,Intra-Cellular Therapies Inc.,ITCI,http://investsnips.com/intra-cellular-therapies-itci/
11,Intrexon Corporation,XON,http://investsnips.com/intrexon-corporation-xon/
12,"Ionis Pharmaceuticals, Inc.",IONS,http://investsnips.com/isis-pharmaceuticals-isis/
13,"Iovance Biotherapeutics, Inc.",IOVA,http://investsnips.com/lion-biotechnologies-inc-lbio/
14,Jaguar Animal Health (JAGX,http://investsnips.com/jaguar-animal-health-jagx/,
15,Jazz Pharmaceuticals Plc.,JAZZ,http://investsnips.com/jazz-pharmaceuticals-jazz/
16,"Jounce Therapeutics, Inc.",JNCE,http://investsnips.com/jounce-therapeutics-inc/
17,"Kadmon Holdings, Inc.",KDMN,http://investsnips.com/kadmon-holdings-inc/
18,"Kala Pharmaceuticals, Inc.",KALA,http://investsnips.com/kala-pharmaceuticals-inc-kala/
19,Kamada Ltd.,KMDA,http://investsnips.com/kamada-ltd-kmda/
20,Kazia Therapeutics ,KZIA,http://investsnips.com/novogen-limited-nvgn/
21,"Keryx Biopharmaceuticals, Inc.",KERX,http://investsnips.com/keryx-biopharmaceuticals-kerx/
22,"Kindred Biosciences, Inc.",KIN,http://investsnips.com/kindred-biosciences-kin/
23,Kitov Pharamceuticals Holdings Ltd.,KTOV,http://investsnips.com/kitov-pharamceuticals-holdings-ltd/
24,"Krystal Biotech, Inc.",KRYS,http://investsnips.com/krystal-biotech-inc-krys/
25,"Kura Oncology, Inc.",KURA,http://investsnips.com/kura-oncology-inc-kura/
26,La Jolla Pharmaceutical Company,LJPC,http://investsnips.com/la-jolla-pharmaceutical-company-ljpc/
27,"Leap Therapeutics, Inc.",LPTX,http://investsnips.com/macrocure-ltd-mcur/
28,"Lexicon Pharmaceuticals, Inc.",LXRX,http://investsnips.com/lexicon-pharmaceuticals-lxrx/
29,Ligand Pharmaceuticals Incorporated,LGND,http://investsnips.com/ligand-pharmaceuticals-incorporated-lgnd/
30,"Loxo Oncology, Inc.",LOXO,http://investsnips.com/loxo-oncology-inc-loxo/
31,"Lpath, Inc.",LPTN,http://investsnips.com/lpath-inc-lptn/
32,"MabVax Therapeutics Holdings, Inc.",MBVX,http://investsnips.com/mabvax-therapeutics-holdings-inc/
33,"MacroGenics, Inc.",MGNX,http://investsnips.com/macrogenics-mgnx/
34,Mallinckrodt Plc.,MNK,http://investsnips.com/mallinckrodt-mnk/
35,MannKind Corporation,MNKD,http://investsnips.com/mannkind-corporation-mnkd/
36,"Marinus Pharmaceuticals, Inc.",MRNS,http://investsnips.com/marinus-pharmaceuticals-mrns/
37,"Mateon Therapeutics, Inc.",MATN,http://investsnips.com/oxigene-inc-oxgn/
38,"Matinas Biopharma Holdings, Inc.",MTNB,http://investsnips.com/matinas-biopharma-holdings-inc-mtnb/
39,"MediciNova, Inc.",MNOV,http://investsnips.com/medicinova-inc-mnov/
40,MediWound Ltd.,MDWD,http://investsnips.com/mediwound-mdwd/
41,"MEI Pharma, Inc.",MEIP,http://investsnips.com/mei-pharma-inc-meip/
42,Menlo Therapeutics Inc.,MNLO,http://investsnips.com/menlo-therapeutics-inc-mnlo/
43,"Merrimack Pharmaceuticals, Inc.",MACK,http://investsnips.com/merrimack-pharmaceuticals-mack/
44,"Mersana Therapeutics, Inc.",MRSN,http://investsnips.com/mersana-therapeutics-inc-mrsn/
45,Merus N.V.,MRUS,http://investsnips.com/merus-n-v/
46,Mesoblast Ltd.,MESO,http://investsnips.com/mesoblast-ltd-meso/
47,"Minerva Neurosciences, Inc.",NERV,http://investsnips.com/minerva-neurosciences-nerv/
48,"Miragen Therapeutics, Inc.",MGEN,http://investsnips.com/82874-2/
49,"Mirati Therapeutics, Inc.",MRTX,http://investsnips.com/mirati-therapeutics-mrtx/
50,"Momenta Pharmaceuticals, Inc.",MNTA,http://investsnips.com/momenta-pharmaceuticals-inc-mnta/
51,MyoKardia Inc.,MYOK,http://investsnips.com/myokardia-inc-myok/
52,MYOS Corporation,MYOS,http://investsnips.com/myos-corporation-myos/
53,Myovant Sciences Ltd.,MYOV,http://investsnips.com/myovant-sciences-ltd/
54,Nabriva Therapeutics AG,NBRV,http://investsnips.com/nabriva-therapeutics-ag-nbrv/
55,"NanoViricides, Inc.",NNVC,http://investsnips.com/nanoviricides-inc-nnvc/
56,Nantkwest Inc.,NK,http://investsnips.com/nantkwest-inc-nk/
57,Nektar Therapeutics,NKTR,http://investsnips.com/nektar-therapeutics-nktr/
58,Neptune Technologies & Bioresources Inc.,NEPT,http://investsnips.com/neptune-technologies-bioresources-inc-nept/
59,"Neuralstem, Inc.",CUR,http://investsnips.com/neuralstem-inc-cur-3/
60,"Neurocrine Biosciences, Inc.",NBIX,http://investsnips.com/neurocrine-biosciences-inc-nbix/
61,NewLink Genetics Corporation,NLNK,http://investsnips.com/newlink-genetics-corporation-nlnk/
62,Nightstar Therapeutics plc,NITE,http://investsnips.com/nightstar-therapeutics-plc-nite/
63,"Northwest Biotherapeutics, Inc.",NWBO,http://investsnips.com/northwest-biotherapeutics-nwbo/
64,"NovaBay Pharmaceuticals, Inc.",http://investsnips.com/novabay-pharmaceuticals-inc-nby/,
65,"Novavax, Inc.",NVAX,http://investsnips.com/novavax-inc-nvax/
66,NovoCure Ltd.,NVCR,http://investsnips.com/novocure-ltd-nvcr/
67,NuCana plc,NCNA,http://investsnips.com/nucana-plc-ncna/
68,Nymox Pharmaceutical Corporation,NYMX,http://investsnips.com/nymox-pharmaceutical-corporation-nymx/
69,ObsEva SA,OBSV,http://investsnips.com/obseva-sa/
70,"Ocular Therapeutix, Inc.",OCUL,http://investsnips.com/ocular-therapeutix-ocul/
71,"Ohr Pharmaceuticals, Inc.",OHRP,http://investsnips.com/ohr-pharmaceuticals-inc-ohrp/
72,Omeros Corporation,OMER,http://investsnips.com/omeros-corporation-omer/
73,"Oncobiologics, Inc.",ONS,http://investsnips.com/oncobiologics-inc/
74,"OncoMed Pharmaceuticals, Inc.",OMED,http://investsnips.com/oncomed-pharmaceuticals-omed/
75,"Onconova Therapeutics, Inc.",ONTX,http://investsnips.com/onconova-therapeutics-inc-ontx/
76,OncoSec Medical Inc.,ONCS,http://investsnips.com/oncosec-medical-inc-oncs/
77,Ophthotech Corporation,OPHT,http://investsnips.com/ophthotech-corporation-opht/
78,"Oragenics, Inc.",OGEN,http://investsnips.com/oragenics-inc-ogen/
79,"Organovo Holdings, Inc.",ONVO,http://investsnips.com/organovo-holdings-inc-onvo/
80,"Otonomy, Inc.",OTIC,http://investsnips.com/otonomy-otic/
81,Ovascience Inc.,OVAS,http://investsnips.com/ovascience-ovas/
82,Ovid Therapeutics Inc.,OVID,http://investsnips.com/ovid-therapeutics-inc-ovid/
83,"Pacific Biosciences of California, Inc.",PACB,http://investsnips.com/pacific-biosciences-of-california-inc-pacb/
84,Pain Therapeutics,PTIE,http://investsnips.com/pain-therapeutics-ptie/
85,"Palatin Technologies, Inc.",PTN,http://investsnips.com/palatin-technologies-inc-ptn/
86,"Paratek Pharmaceuticals, Inc.",PRTK,http://investsnips.com/paratek-pharmaceuticals-prtk/
87,"PDL BioPharma, Inc.",PDLI,http://investsnips.com/pdl-biopharma-inc-pdli/
88,Pfenex Inc.,PFNX,http://investsnips.com/pfenex-pfnx/
89,"Pieris Pharmaceuticals, Inc.",PIRS,http://investsnips.com/pieris-pharmaceuticals-inc-pirs/
90,"Pluristem Therapeutics, Inc.",PSTI,http://investsnips.com/pluristem-therapeutics-inc-psti/
91,"Portola Pharmaceuticals, Inc.",PTLA,http://investsnips.com/portola-pharmaceuticals-inc-ptla/
92,Prana Biotechnology Ltd.,PRAN,http://investsnips.com/prana-biotechnology-pran/
93,Progenics Pharmaceuticals Inc.,PGNX,http://investsnips.com/progenics-pharmaceuticals-pgnx/
94,ProQR Therapeutics N.V.,PRQR,http://investsnips.com/proqr-therapeutics-n-v-prqr/
95,"Protagonist Therapeutics, Inc.",PTGX,http://investsnips.com/protagonist-therapeutics-inc/
96,"Protalix BioTherapeutics, Inc.",PLX,http://investsnips.com/protalix-biotherapeutics-inc-plx/
97,Prothena Corporation plc,PRTA,http://investsnips.com/prothena-corporation-plc-prta/
98,"Proteon Therapeutics, Inc.",PRTO,http://investsnips.com/proteon-therapeutics-inc-prto/
99,"Proteostasis Therapeutics, Inc.",PTI,http://investsnips.com/proteostasis-therapeutics-inc/
100,"PTC Therapeutics, Inc.",PTCT,http://investsnips.com/ptc-therapeutics-ptct/
101,Pulmatrix Inc.,PULM,http://investsnips.com/pulmatrix-inc-pulm/
102,Puma Biotechnology Inc.,PBYI,http://investsnips.com/puma-biotechnology-pbyi/
103,Qiagen N.V.,QGEN,http://investsnips.com/qiagen-n-v-qgen/
104,"Ra Pharmaceuticals, Inc.",RARX,http://investsnips.com/ra-pharmaceuticals-inc/
105,"Radius Health, Inc.",RDUS,http://investsnips.com/radius-health-inc-rdus/
106,Redhill Biopharma Ltd.,RDHL,http://investsnips.com/redhill-biopharma-rdhl/
107,"Regeneron Pharmaceuticals, Inc.",REGN,http://investsnips.com/regeneron-pharmaceuticals-regn/
108,Regenxbio Inc.,RGNX,http://investsnips.com/regenxbio-inc-rgnx/
109,Regulus Therapeutics Inc.,RGLS,http://investsnips.com/regulus-therapeutics-inc-rgls/
110,"resTORbio, Inc.",TORC,http://investsnips.com/restorbio-inc-torc/
111,"Retrophin, Inc.",RTRX,http://investsnips.com/retrophin-inc-rtrx/
112,"Revance Therapeutics, Inc.",RVNC,http://investsnips.com/revance-therapeutics-rvnc/
113,"Rexahn Pharmaceuticals, Inc.",RNN,http://investsnips.com/rexahn-pharmaceuticals-rnn/
114,"Rhythm Pharmaceuticals, Inc.",RYTM,http://investsnips.com/rhythm-pharmaceuticals-inc-rytm/
115,"Rigel Pharmaceuticals, Inc.",RIGL,http://investsnips.com/rigel-pharmaceuticals-inc-rigl/
116,"Rocket Pharmaceuticals, Inc.",RCKT,http://investsnips.com/inotek-pharmaceuticals-corporation-itek/
117,"Rockwell Medical, Inc.",RMTI,http://investsnips.com/rockwell-medical-inc-rmti/
118,RXI Pharmaceuticals Corporation,RXII,http://investsnips.com/rxi-pharmaceuticals-rxii/
119,"Sangamo BioSciences, Inc.",SGMO,http://investsnips.com/sangamo-biosciences-inc-sgmo/
120,"Sage Therapeutics, Inc.",SAGE,http://investsnips.com/sage-therapeutics-sage/
121,"Sarepta Therapeutics, Inc.",SRPT,http://investsnips.com/sarepta-therapeutics-srpt/
122,"Seattle Genetics, Inc.",SGEN,http://investsnips.com/seattle-genetics-inc-sgen/
123,"Selecta Biosciences, Inc.",SELB,http://investsnips.com/selecta-biosciences-inc/
124,"SELLAS Life Sciences Group, Inc.",SLS,http://investsnips.com/galena-biopharma-inc-gale/
125,Seres Therapeutics Inc.,MCRB,http://investsnips.com/seres-therapeutics-inc-mcrb/
126,"Sesen Bio, Inc.",SESN,http://investsnips.com/eleven-biotherapeutics-ebio/
127,"Sienna Biopharmaceuticals, Inc.",SNNA,http://investsnips.com/sienna-biopharmaceuticals-inc-snna/
128,"Sierra Oncology, Inc.",SRRA,http://investsnips.com/pronai-therapeutics-inc-dnai/
129,Shire Plc.,SHPG,http://investsnips.com/shire-shpg/
130,"Sinovac Biotech, Ltd.",SVA,http://investsnips.com/sinovac-biotech-sva/
131,Solid Biosciences Inc.,SLDB Linkedin,http://investsnips.com/solid-biosciences-inc-sldb/
132,"Soleno Therapeutics, Inc.",SLNO,http://investsnips.com/soleno-therapeutics-inc-slno/
133,"Sophiris Bio, Inc.",SPHS,http://investsnips.com/sophiris-bio-inc-sphs/
134,"Sorrento Therapeutics, Inc.",SRNE,http://investsnips.com/sorrento-therapeutics-inc-srne/
135,"Spark Therapeutics, Inc.",ONCE,http://investsnips.com/spark-therapeutics-once/
136,"Spectrum Pharmaceuticals, Inc.",SPPI,http://investsnips.com/spectrum-pharmaceuticals-sppi/
137,"Spero Therapeutics, Inc.",SPRO,http://investsnips.com/spero-therapeutics-inc-spro/
138,"Stellar Biotechnologies, Inc.",SBOT,http://investsnips.com/stellar-biotechnologies-inc-sbot/
139,"Stemline Therapeutics, Inc.",STML,http://investsnips.com/stemline-therapeutics-inc-stml/
140,Strongbridge Biopharma plc,SBBP,http://investsnips.com/strongbridge-biopharma-plc-sbbp/
141,Summit Therapeutics Plc.,SMMT,http://investsnips.com/summit-therapeutics-smmt/
142,"Sunesis Pharmaceuticals, Inc.",SNSS,http://investsnips.com/sunesis-pharmaceuticals-inc-snss/
143,"Syndax Pharmaceuticals, Inc.",SNDX,http://investsnips.com/syndax-pharmaceuticals-inc/
144,"Synergy Pharmaceuticals, Inc.",SGYP,http://investsnips.com/synergy-pharmaceuticals-sgyp/
145,"Synthetic Biologics, Inc.",SYN,http://investsnips.com/synthetic-biologics-inc-syn/
146,"Syros Pharmaceuticals, Inc.",SYRS,http://investsnips.com/syros-pharmaceuticals-inc/
147,"Tenax Therapeutics, Inc.",TENX,http://investsnips.com/tenax-therapeutics-inc-tenx/
148,"Tesaro, Inc.",TSRO,http://investsnips.com/tesaro-tsro/
149,TetraLogic Pharmaceuticals Corporation,TLOG,http://investsnips.com/tetralogic-pharmaceuticals-corporation-tlog/
150,"TG Therapeutics, Inc.",TGTX,http://investsnips.com/tg-therapeutics-inc-tgtx/
151,"Theravance Biopharma, Inc.",TBPH,http://investsnips.com/theravance-biopharma-inc-tbph/
152,TiGenix NV,TIG,http://investsnips.com/tigenix-nv/
153,"Titan Pharmaceuticals, Inc.",TTNP,http://investsnips.com/titan-pharmaceuticals-inc-ttnp/
154,Tocagen Inc.,TOCA,http://investsnips.com/tocagen-inc-toca/
155,Tonix Pharmaceuticals Holding Corp.,TNXP,http://investsnips.com/tonix-pharmaceuticals-holding-tnxp/
156,"Tracon Pharmaceuticals, Inc.",TCON,http://investsnips.com/tracon-pharmaceuticals-inc-tcon/
157,"Trevena, Inc.",TRVN,http://investsnips.com/trevena-inc-trvn/
158,Trillium Therapeutics Inc.,TRIL,http://investsnips.com/trillium-therapeutics-inc-tril/
159,Ultragenyx Pharmaceutical Inc.,RARE,http://investsnips.com/ultragenyx-pharmaceutical-rare/
160,UniQure N.V.,QURE,http://investsnips.com/uniqure-qure/
161,United Therapeutics Corporation,UTHR,http://investsnips.com/united-therapeutics-corporation-uthr/
162,Unum Therapeutics Inc.,UMRX,http://investsnips.com/unum-therapeutics-inc-umrx/
163,UroGen Pharma Ltd.,URGN,http://investsnips.com/urogen-pharma-ltd-urgn/
164,Vanda Pharmaceuticals Inc.,VNDA,http://investsnips.com/vanda-pharmaceuticals-vnda/
165,Vascular Biogenics Ltd.,VBLT,http://investsnips.com/vascular-biogenics-ltd-vblt/
166,VBI Vaccines Inc.,VBIV,http://investsnips.com/vbi-vaccines-vbiv/
167,"Verastem, Inc.",VSTM,http://investsnips.com/verastem-vstm/
168,Vericel Corporation,VCEL,http://investsnips.com/vericel-corporation-vcel/
169,"Versartis, Inc.",VSAR,http://investsnips.com/versartis-inc-vsar/
170,Vertex Pharmaceuticals Incorporated,VRTX,http://investsnips.com/vertex-pharmaceuticals-vrtx/
171,Verona Pharma plc,VRNA,http://investsnips.com/verona-pharma-plc-vrna/
172,Veru Inc.,VERU,http://investsnips.com/female-health-fhco/
173,Vical Incorporated,VICL,http://investsnips.com/vical-incorporated-vicl/
174,Viking Therapeutics,VKTX,http://investsnips.com/viking-therapeutics-vktx/
175,"VistaGen Therapeutics, Inc.",VTGN,http://investsnips.com/vistagen-therapeutics-inc/
176,"Vital Therapies, Inc.",VTL,http://investsnips.com/vital-therapies-vtl/
177,"VIVUS, Inc.",VVUS,http://investsnips.com/vivus-inc-vvus/
178,"Voyager Therapeutics, Inc.",VYGR,http://investsnips.com/voyager-therapeutics-inc-vygr/
179,Wave Life Sciences Ltd.,WVE,http://investsnips.com/wave-life-sciences-ltd-wve/
180,Xbiotech Inc.,XBIT,http://investsnips.com/xbiotech-inc-xbit/
181,Xenon Pharmaceuticals Inc.,XENE,http://investsnips.com/xenon-pharmaceuticals-xene/
182,"Xencor, Inc.",XNCR,http://investsnips.com/xencor-inc-xncr/
183,XOMA Corporation,XOMA,http://investsnips.com/xoma-corporation-xoma/
184,XTL Biopharmaceuticals Ltd.,XTLB,http://investsnips.com/xtl-biopharmaceuticals-ltd-xtlb/
185,"Zafgen, Inc.",ZFGN,http://investsnips.com/zafgen-zfgn/
186,Zai Lab Limited,ZLAB,http://investsnips.com/zai-lab-limited-zlab/
187,Zealand Pharma A/S,ZEAL,http://investsnips.com/zealand-pharma-as-zeal/
188,Ziopharm Oncology Inc.,ZIOP,http://investsnips.com/ziopharm-oncology-ziop/
189,Zymeworks Inc.,ZYME,http://investsnips.com/zymeworks-inc-zyme/
190,Zynerba Pharmaceuticals Inc.,ZYNE,http://investsnips.com/zynerba-pharmaceuticals-inc-zyne/
